filename,label
audio_128.wav,3.415
audio_156.wav,3.9566666666666666
audio_19.wav,3.558333333333333
audio_108.wav,2.78
audio_206.wav,3.095
audio_161.wav,2.7483333333333335
audio_215.wav,2.901666666666667
audio_213.wav,3.2816666666666667
audio_11.wav,3.3633333333333333
audio_155.wav,3.4766666666666666
audio_39.wav,3.8133333333333335
audio_168.wav,3.3183333333333334
audio_133.wav,2.9883333333333333
audio_28.wav,3.33
audio_40.wav,3.618333333333333
audio_181.wav,2.755
audio_201.wav,2.5366666666666666
audio_182.wav,2.9
audio_126.wav,3.1433333333333335
audio_10.wav,2.723333333333333
audio_134.wav,2.7
audio_69.wav,3.21
audio_112.wav,3.215
audio_180.wav,3.493333333333333
audio_177.wav,3.35
audio_77.wav,3.87
audio_111.wav,2.973333333333333
audio_18.wav,3.1233333333333335
audio_175.wav,3.138333333333333
audio_33.wav,3.9716666666666667
audio_15.wav,2.71
audio_4.wav,3.9366666666666665
audio_27.wav,3.115
audio_96.wav,3.1816666666666666
audio_116.wav,2.8316666666666666
audio_1.wav,3.2733333333333334
audio_22.wav,3.361666666666667
audio_114.wav,2.9316666666666666
audio_146.wav,2.895
audio_46.wav,4.17
audio_144.wav,3.57
audio_75.wav,3.7716666666666665
audio_200.wav,2.933333333333333
audio_196.wav,2.776666666666667
audio_190.wav,3.415
audio_158.wav,2.9883333333333333
audio_17.wav,2.763333333333333
audio_105.wav,3.1266666666666665
audio_141.wav,2.905
audio_129.wav,3.6966666666666668
audio_6.wav,4.013333333333334
audio_70.wav,4.296666666666667
audio_35.wav,3.48
audio_203.wav,2.9966666666666666
audio_90.wav,4.2683333333333335
audio_16.wav,3.14
audio_138.wav,3.365
audio_100.wav,3.2316666666666665
audio_115.wav,2.828333333333333
audio_118.wav,3.533333333333333
audio_137.wav,3.57
audio_101.wav,3.2616666666666667
audio_193.wav,3.5816666666666666
audio_102.wav,3.2466666666666666
audio_52.wav,3.6283333333333334
audio_172.wav,3.7083333333333335
audio_191.wav,3.1283333333333334
audio_194.wav,3.691666666666667
audio_67.wav,2.655
audio_160.wav,3.1683333333333334
audio_179.wav,2.8516666666666666
audio_55.wav,3.328333333333333
audio_145.wav,3.1
audio_197.wav,2.7416666666666667
audio_139.wav,2.8383333333333334
audio_91.wav,3.486666666666667
audio_8.wav,2.9116666666666666
audio_136.wav,3.1066666666666665
audio_199.wav,2.743333333333333
audio_110.wav,3.2716666666666665
audio_208.wav,3.381666666666667
audio_152.wav,3.4433333333333334
audio_94.wav,3.9
audio_174.wav,3.2066666666666666
audio_23.wav,3.055
audio_56.wav,3.263333333333333
audio_97.wav,2.98
audio_148.wav,3.0833333333333335
audio_59.wav,3.215
audio_5.wav,2.8516666666666666
audio_119.wav,2.795
audio_80.wav,3.91
audio_58.wav,3.388333333333333
audio_123.wav,3.1616666666666666
audio_188.wav,3.421666666666667
audio_121.wav,3.1216666666666666
audio_107.wav,3.308333333333333
audio_214.wav,3.325
audio_73.wav,3.9583333333333335
audio_169.wav,3.3066666666666666
audio_7.wav,3.026666666666667
audio_42.wav,3.0
audio_88.wav,3.5816666666666666
audio_64.wav,2.8433333333333333
audio_195.wav,3.155
audio_57.wav,3.14
audio_13.wav,3.155
audio_125.wav,3.2016666666666667
audio_209.wav,2.735
audio_211.wav,3.43
audio_63.wav,3.1033333333333335
audio_86.wav,3.875
audio_78.wav,3.703333333333333
audio_38.wav,3.39
audio_186.wav,3.1533333333333333
audio_154.wav,3.5083333333333333
audio_21.wav,2.941666666666667
audio_120.wav,2.8533333333333335
audio_183.wav,2.755
audio_25.wav,2.6
audio_122.wav,2.6816666666666666
audio_36.wav,3.703333333333333
audio_76.wav,4.0633333333333335
audio_163.wav,2.7283333333333335
audio_83.wav,3.901666666666667
audio_103.wav,2.7933333333333334
audio_93.wav,3.1233333333333335
audio_26.wav,2.87
audio_72.wav,3.881666666666667
audio_210.wav,3.345
audio_104.wav,2.5366666666666666
audio_81.wav,3.94
audio_166.wav,3.335
audio_202.wav,2.6633333333333336
audio_185.wav,2.89
audio_9.wav,2.8916666666666666
audio_207.wav,3.236666666666667
audio_127.wav,2.8333333333333335
audio_12.wav,4.086666666666667
audio_132.wav,3.0766666666666667
audio_109.wav,2.9266666666666667
audio_32.wav,3.9116666666666666
audio_178.wav,4.3133333333333335
audio_61.wav,3.2
audio_34.wav,3.565
audio_106.wav,2.8566666666666665
audio_49.wav,3.835
audio_149.wav,3.085
audio_30.wav,4.053333333333334
audio_131.wav,2.9816666666666665
audio_162.wav,2.8716666666666666
audio_204.wav,3.6416666666666666
audio_198.wav,3.145
audio_135.wav,2.79
audio_187.wav,3.1066666666666665
audio_3.wav,3.365
audio_98.wav,3.1783333333333332
audio_159.wav,3.256666666666667
audio_167.wav,3.5233333333333334
audio_205.wav,3.1216666666666666
audio_95.wav,2.9716666666666667
audio_68.wav,3.1866666666666665
audio_31.wav,3.965
audio_157.wav,3.941666666666667
audio_89.wav,3.8966666666666665
audio_82.wav,3.69
audio_53.wav,3.4966666666666666
audio_37.wav,3.7083333333333335
audio_113.wav,3.3866666666666667
audio_85.wav,4.051666666666667
audio_173.wav,3.5316666666666667
audio_41.wav,3.7716666666666665
audio_51.wav,3.5933333333333333
audio_143.wav,3.2483333333333335
audio_92.wav,3.21
audio_74.wav,3.535
audio_0.wav,3.1883333333333335
audio_147.wav,3.6016666666666666
audio_130.wav,2.941666666666667
audio_192.wav,2.735
audio_43.wav,4.123333333333333
audio_65.wav,3.1083333333333334
audio_14.wav,3.263333333333333
audio_117.wav,3.1333333333333333
audio_212.wav,3.1866666666666665
audio_79.wav,3.7066666666666666
audio_171.wav,2.7933333333333334
audio_60.wav,3.263333333333333
audio_153.wav,3.56
audio_176.wav,4.156666666666666
audio_2.wav,2.99
audio_50.wav,4.108333333333333
audio_29.wav,3.2866666666666666
audio_142.wav,3.1616666666666666
audio_47.wav,2.966666666666667
audio_84.wav,3.905
audio_164.wav,3.265
audio_48.wav,4.07
audio_189.wav,3.9133333333333336
audio_151.wav,3.51
audio_66.wav,2.8466666666666667
audio_44.wav,3.0316666666666667
audio_150.wav,2.8566666666666665
audio_87.wav,3.4966666666666666
audio_99.wav,2.8466666666666667
audio_62.wav,3.1366666666666667
audio_20.wav,2.895
audio_124.wav,3.4233333333333333
audio_54.wav,3.578333333333333
audio_45.wav,4.031666666666666
audio_71.wav,4.088333333333333
audio_184.wav,2.9616666666666664
audio_24.wav,2.745
audio_140.wav,3.6666666666666665
audio_165.wav,3.203333333333333
audio_170.wav,2.655
